id,review
298,Excellent
4153,Very good
5359,Very good
7734,Very good
3283,Excellent
9321,Excellent
4945,Excellent
6246,Good
8882,Excellent
5839,Very bad
9167,Good
6318,Very bad
6582,Excellent
9288,Very bad
6161,Very bad
8723,Excellent
7697,Good
2257,Very good
8672,Good
8306,Excellent
9688,Excellent
4755,Excellent
109,Very good
2237,Good
5936,Good
6644,Excellent
3879,Excellent
2229,Very good
2138,Very bad
8120,Very good
6459,Excellent
9504,Excellent
962,Bad
7332,Very good
4733,Very good
1182,Very good
3973,Excellent
2274,Very good
2975,Bad
4998,Very good
120,Excellent
364,Very good
5292,Excellent
1088,Excellent
1015,Good
6247,Excellent
8660,Excellent
3206,Very good
4620,Very good
5078,Very bad
453,Excellent
8192,Very good
967,Bad
5195,Excellent
5747,Good
1301,Very good
4662,Excellent
8821,Excellent
4055,Very good
3895,Excellent
8369,Very good
3449,Excellent
5287,Very good
9305,Very good
3403,Very good
7301,Very good
3617,Very good
9136,Very good
3884,Excellent
3974,Good
7309,Very good
2726,Very bad
7361,Excellent
6081,Bad
6590,Very good
6702,Excellent
720,Very good
1176,Excellent
6181,Excellent
1024,Bad
1151,Excellent
1451,Very good
2653,Very good
4862,Very bad
8498,Very good
9862,Good
1739,Very good
7345,Very bad
2242,Bad
1895,Excellent
5302,Very bad
4581,Very good
2151,Very good
8315,Very good
9364,Excellent
8788,Excellent
8906,Very good
7377,Excellent
2039,Very good
1989,Very good
7314,Very good
321,Very bad
1,Very good
5950,Very bad
4440,Excellent
4417,Bad
7282,Excellent
694,Good
2531,Very good
6115,Excellent
1369,Very good
1078,Excellent
5635,Excellent
6026,Good
6058,Excellent
4528,Very good
8027,Very good
7231,Excellent
5975,Bad
7518,Very good
433,Good
4718,Very good
4470,Good
9524,Good
8244,Excellent
9265,Excellent
9811,Excellent
7256,Very good
8545,Excellent
3265,Very good
8440,Bad
871,Very good
445,Very good
769,Excellent
4895,Very good
9502,Excellent
7455,Very good
9358,Excellent
8015,Excellent
1990,Excellent
4917,Very good
7757,Very good
5132,Very good
2276,Good
457,Very bad
7729,Very good
8664,Excellent
499,Excellent
4931,Very good
7274,Very good
848,Excellent
1232,Very good
6916,Bad
4637,Excellent
4221,Good
5614,Very bad
4868,Excellent
9150,Excellent
4201,Excellent
7420,Very good
9762,Good
1047,Very bad
247,Excellent
3102,Good
4090,Very good
8751,Very good
7837,Good
2798,Excellent
3927,Very good
8348,Good
610,Bad
8460,Good
4380,Excellent
5878,Very bad
8404,Excellent
50,Bad
333,Excellent
2546,Good
4602,Good
1041,Good
2240,Excellent
4094,Very bad
8078,Good
1243,Good
1783,Very good
8667,Very good
9030,Good
7073,Excellent
5122,Very good
8979,Very good
696,Excellent
2516,Very good
3422,Very good
3497,Very bad
1390,Very good
9063,Excellent
5755,Very good
4392,Very good
6386,Excellent
9831,Excellent
5815,Bad
4033,Very good
2948,Very good
3417,Very good
5814,Bad
737,Excellent
8105,Excellent
2339,Very good
2424,Very good
7350,Very bad
3201,Excellent
5093,Excellent
9249,Very good
1119,Very good
2589,Very good
9332,Good
7810,Very good
2105,Very good
5898,Good
4454,Excellent
4950,Very good
3,Very good
2155,Very good
9180,Bad
2850,Excellent
8231,Good
359,Good
9420,Very good
71,Good
18,Good
8281,Excellent
6542,Very good
8838,Very good
6262,Excellent
9556,Excellent
8561,Excellent
1901,Good
1346,Very good
9046,Good
4971,Good
6164,Good
3902,Excellent
1448,Very good
1753,Excellent
1372,Very bad
4347,Excellent
8234,Very good
7885,Very good
5432,Bad
485,Very good
3141,Good
4748,Excellent
6122,Very good
7010,Very good
6411,Good
1224,Excellent
6967,Very good
7514,Very good
53,Good
8763,Bad
1614,Good
1183,Excellent
1049,Excellent
1966,Very good
1859,Excellent
6287,Very good
273,Good
5862,Excellent
8402,Very bad
7752,Very good
3813,Excellent
6678,Excellent
6835,Good
3967,Excellent
3689,Excellent
435,Good
6184,Excellent
4885,Very good
2346,Very good
3076,Good
8663,Good
7353,Excellent
7323,Very good
2231,Good
6565,Excellent
8343,Very good
2814,Bad
8985,Excellent
7054,Good
2213,Good
2711,Very good
428,Very good
8984,Very good
8441,Excellent
5054,Excellent
1386,Excellent
5786,Excellent
378,Very good
5712,Excellent
6279,Very good
165,Bad
470,Good
9512,Excellent
8544,Excellent
5281,Very bad
9597,Excellent
2926,Excellent
9582,Very good
9336,Excellent
7221,Good
8901,Good
2852,Excellent
9955,Very good
1098,Excellent
22,Excellent
7021,Very good
2239,Excellent
4073,Excellent
2810,Very good
3113,Good
8537,Very good
5297,Very good
2038,Excellent
281,Bad
9542,Very good
8426,Good
5124,Excellent
2716,Good
157,Excellent
6339,Excellent
5994,Good
6407,Excellent
2555,Excellent
5337,Excellent
5687,Excellent
1492,Bad
4903,Excellent
8697,Very good
953,Excellent
1790,Good
379,Excellent
3324,Very good
1866,Very good
5154,Good
8719,Excellent
8055,Very good
2291,Bad
2090,Excellent
595,Very good
2063,Excellent
9739,Very good
6709,Good
9828,Very good
7648,Very good
993,Very good
7022,Very good
191,Very good
956,Very good
3782,Very good
2771,Bad
2103,Very good
4395,Excellent
1190,Excellent
123,Very good
4985,Excellent
4559,Very good
8669,Very good
4273,Very good
1297,Very bad
855,Good
9879,Bad
1574,Excellent
5653,Very good
5713,Good
9146,Very good
5303,Very good
286,Very good
627,Good
8462,Excellent
5715,Excellent
260,Excellent
3370,Good
463,Good
525,Good
7770,Very good
8290,Excellent
1361,Excellent
7212,Good
1583,Very good
4693,Excellent
3758,Excellent
5893,Excellent
9329,Excellent
422,Good
5891,Excellent
2905,Very good
6765,Good
3828,Very good
589,Very good
2999,Excellent
4134,Excellent
7874,Good
1698,Very good
9674,Good
5982,Good
3399,Very good
1056,Excellent
344,Excellent
7776,Very good
6703,Very good
2440,Excellent
2446,Very good
6179,Very good
1596,Bad
3325,Very good
7483,Excellent
2476,Good
6370,Excellent
1864,Excellent
3607,Excellent
5041,Very good
4502,Excellent
8212,Excellent
2822,Very bad
8865,Bad
7261,Very good
5946,Excellent
2646,Good
7534,Good
4298,Very bad
2963,Very good
4187,Good
1906,Very good
7513,Very bad
146,Excellent
8345,Excellent
9215,Good
4426,Good
1535,Very good
5648,Very good
5999,Very good
1618,Very good
9876,Good
6158,Very good
7412,Very bad
6741,Excellent
124,Excellent
5318,Very good
5184,Very good
6189,Very good
9759,Very good
8860,Very good
1385,Bad
7780,Very good
8021,Excellent
2571,Very good
7804,Very good
2675,Good
9608,Very good
6536,Excellent
9311,Excellent
483,Good
4289,Very good
6031,Very good
7167,Bad
8164,Very good
5608,Excellent
1932,Good
8135,Very bad
3168,Excellent
9173,Excellent
708,Very good
5929,Excellent
2828,Excellent
242,Excellent
7286,Excellent
9485,Very good
8415,Excellent
3415,Very good
5327,Excellent
7650,Very good
3044,Excellent
5228,Very good
3214,Very bad
2996,Excellent
886,Excellent
9520,Very good
6096,Excellent
9506,Very good
5724,Excellent
4369,Very good
8610,Good
5247,Bad
7655,Very good
498,Very good
3587,Excellent
6127,Excellent
371,Very good
758,Very good
1785,Excellent
7853,Excellent
3386,Very good
3523,Very bad
3825,Very good
5340,Excellent
8033,Good
2398,Very good
2795,Very good
7783,Excellent
4166,Excellent
3634,Very good
383,Very good
6760,Very good
5591,Very good
1738,Excellent
4081,Very good
2180,Excellent
7807,Excellent
121,Excellent
1599,Bad
3045,Excellent
8092,Very good
2678,Excellent
6083,Very good
9777,Very good
6006,Very good
2336,Very good
6954,Good
7117,Very good
7958,Very good
7791,Excellent
6133,Very bad
9930,Bad
1210,Excellent
7716,Very good
3696,Very bad
2462,Excellent
4152,Very good
6332,Bad
826,Very good
2451,Good
3737,Very bad
3103,Excellent
7756,Excellent
5836,Excellent
3254,Good
2190,Very good
9607,Very bad
7364,Good
7628,Very good
1309,Excellent
5701,Very good
6983,Excellent
7276,Very bad
2674,Very good
8318,Bad
6159,Very bad
1330,Very good
9780,Good
1305,Excellent
7172,Bad
8409,Very good
8615,Very bad
7236,Good
4310,Excellent
5877,Excellent
8892,Excellent
4374,Good
8981,Excellent
7745,Very good
6490,Very bad
4093,Very good
4198,Excellent
3232,Excellent
5623,Excellent
2657,Very good
6680,Good
1674,Good
1320,Very good
132,Excellent
3827,Excellent
6108,Excellent
5707,Excellent
2956,Excellent
3303,Excellent
8714,Very good
4522,Excellent
6365,Bad
4498,Very good
5637,Very good
4918,Very bad
9806,Excellent
2951,Very good
9168,Very good
6821,Bad
4025,Very good
7308,Bad
7489,Very good
5803,Excellent
3816,Very bad
2062,Very good
4330,Excellent
5288,Excellent
4898,Excellent
2082,Excellent
4984,Excellent
9042,Excellent
7066,Bad
5926,Excellent
5017,Very good
5921,Very good
6426,Good
7421,Excellent
9796,Very good
5058,Excellent
5899,Bad
8483,Very good
655,Very good
5818,Excellent
6032,Excellent
612,Excellent
818,Excellent
336,Excellent
5294,Good
385,Excellent
2718,Excellent
6419,Very good
8507,Very bad
9478,Excellent
6719,Excellent
7108,Very bad
6088,Very good
2052,Excellent
9625,Bad
4552,Excellent
7042,Very good
2005,Good
1514,Excellent
3223,Excellent
5935,Excellent
937,Very good
1808,Very bad
1465,Very good
1542,Excellent
1704,Bad
2187,Bad
5113,Excellent
5218,Very bad
4842,Very bad
6229,Excellent
8575,Excellent
1777,Good
7184,Very bad
1491,Very good
9621,Very good
6803,Good
3886,Bad
4411,Good
7786,Very bad
3761,Very good
9543,Excellent
9564,Very bad
9638,Very bad
1995,Excellent
5367,Excellent
7162,Very good
2803,Good
4593,Excellent
6076,Bad
8286,Good
2668,Excellent
5174,Very good
5683,Excellent
954,Very good
8056,Very good
1840,Excellent
9123,Very good
4,Excellent
9351,Very bad
3874,Very good
4923,Good
9233,Excellent
9038,Excellent
3181,Excellent
5240,Excellent
3869,Excellent
8198,Very good
442,Excellent
1025,Very bad
8205,Very good
1213,Good
6567,Very good
2642,Excellent
6794,Very good
8572,Good
3515,Bad
7617,Excellent
2347,Excellent
4148,Very good
4894,Excellent
1615,Excellent
5599,Good
2834,Very good
3658,Bad
4400,Good
6745,Good
4285,Very good
3167,Excellent
3591,Excellent
6783,Very good
3997,Very good
6940,Excellent
1526,Very good
3759,Very good
5848,Excellent
6977,Good
4883,Very good
8854,Very good
2028,Good
8121,Very good
5992,Bad
1929,Very good
231,Very good
2109,Excellent
7400,Excellent
7596,Excellent
9426,Excellent
8051,Excellent
3021,Excellent
8009,Excellent
4214,Excellent
4664,Very good
1459,Very good
9255,Good
8333,Excellent
3912,Excellent
3993,Very good
9197,Very good
6903,Excellent
8252,Excellent
2698,Good
5552,Excellent
3425,Very good
7169,Excellent
4544,Excellent
7549,Excellent
9640,Bad
2250,Excellent
3057,Very good
2121,Excellent
8093,Very good
6485,Excellent
5988,Excellent
4011,Very good
6507,Excellent
3678,Excellent
8774,Excellent
3990,Very good
2529,Good
8826,Very good
9074,Excellent
7843,Good
6486,Excellent
4433,Good
8782,Good
4538,Excellent
2127,Excellent
7423,Excellent
7831,Very bad
6037,Good
1971,Very good
475,Very good
8133,Good
2478,Very bad
7068,Excellent
6788,Good
7437,Very bad
8172,Excellent
8822,Excellent
6976,Bad
5056,Excellent
9928,Good
3784,Very good
2095,Very good
6300,Excellent
2614,Excellent
1865,Very good
1660,Excellent
4438,Very good
8511,Good
4322,Excellent
1167,Excellent
1070,Excellent
9297,Excellent
2025,Excellent
2203,Excellent
3657,Excellent
8959,Excellent
4444,Very good
8638,Excellent
2691,Good
3962,Excellent
226,Excellent
1231,Bad
1600,Excellent
6107,Bad
8643,Good
5823,Very good
1802,Excellent
8422,Very good
2739,Excellent
9103,Excellent
3670,Bad
2096,Very good
2884,Very good
2898,Bad
7452,Good
3545,Very bad
1590,Very good
547,Excellent
3418,Very good
7401,Very good
7865,Excellent
6961,Very good
6134,Very good
1994,Good
8512,Excellent
8599,Excellent
8156,Excellent
6347,Excellent
2080,Very good
5887,Very good
9466,Good
3109,Very good
965,Excellent
3129,Very good
6928,Very bad
6155,Excellent
3474,Good
6412,Very good
4682,Excellent
135,Excellent
2171,Very good
6964,Very good
1970,Very good
9991,Excellent
3926,Excellent
8116,Good
1623,Excellent
9290,Very good
9492,Bad
1292,Excellent
6868,Very bad
793,Very good
2616,Good
9669,Very good
2295,Bad
3621,Very good
4904,Excellent
1621,Bad
3275,Very good
5735,Excellent
5577,Very good
1954,Excellent
9134,Good
6182,Very bad
947,Excellent
5343,Excellent
9107,Good
5537,Excellent
5091,Excellent
9127,Good
4349,Very good
1286,Bad
918,Good
2380,Very good
2703,Very good
8175,Excellent
6935,Very bad
7589,Very good
1547,Excellent
8775,Good
8137,Excellent
754,Excellent
3382,Very good
7909,Bad
9938,Excellent
5738,Excellent
973,Excellent
1643,Good
3566,Very good
1731,Very good
2896,Good
3763,Very good
2622,Very good
8194,Bad
3870,Very bad
9891,Very good
6857,Very good
6445,Excellent
7418,Very good
9128,Very bad
8640,Very good
3010,Excellent
6151,Excellent
8278,Excellent
142,Excellent
3787,Excellent
3084,Very good
8564,Good
9771,Very bad
5923,Excellent
5932,Very good
187,Excellent
2355,Excellent
2404,Very good
8243,Very good
1164,Excellent
9312,Good
4244,Excellent
3396,Excellent
824,Very good
8158,Very good
8,Excellent
7120,Good
3179,Excellent
6898,Very good
545,Very good
774,Excellent
6900,Very good
9918,Very good
7651,Very bad
8276,Very good
511,Excellent
3423,Good
9540,Excellent
1832,Excellent
7820,Good
4497,Good
9534,Very good
7723,Bad
2329,Excellent
3776,Excellent
8087,Very good
3253,Very good
3505,Excellent
7494,Very good
7610,Excellent
1963,Excellent
9325,Good
7794,Very good
783,Good
2753,Excellent
9443,Good
808,Bad
6015,Good
3233,Excellent
4422,Excellent
9940,Very good
1430,Good
8913,Very good
1203,Excellent
7255,Very good
7703,Excellent
2418,Very good
2168,Excellent
557,Excellent
2647,Excellent
7546,Very good
7090,Very good
3943,Excellent
2294,Excellent
7916,Bad
8254,Excellent
4009,Excellent
5476,Excellent
2249,Excellent
7750,Good
4973,Excellent
8108,Excellent
8408,Excellent
6652,Very good
9667,Very good
1743,Bad
9320,Excellent
6094,Good
7725,Excellent
4204,Excellent
9418,Good
963,Excellent
2745,Excellent
4050,Very good
2993,Excellent
431,Excellent
2866,Excellent
1180,Good
1756,Good
6039,Excellent
7303,Excellent
3456,Very bad
4677,Very good
443,Very good
3205,Very good
3100,Excellent
149,Excellent
9219,Very good
2470,Excellent
5153,Good
2340,Good
3756,Very bad
208,Very bad
5252,Excellent
1678,Excellent
9924,Very bad
6580,Excellent
3674,Good
9282,Excellent
6842,Excellent
6820,Excellent
2560,Good
2618,Excellent
8620,Very bad
9065,Excellent
2081,Bad
6049,Very good
9133,Good
8859,Very good
3149,Very bad
6406,Bad
3291,Very good
9888,Very good
8165,Very good
3185,Good
8455,Very good
2484,Very good
5907,Excellent
7384,Good
8153,Excellent
1728,Excellent
3276,Excellent
5433,Very good
2433,Very good
2952,Very bad
4539,Excellent
4838,Excellent
205,Excellent
6526,Excellent
6294,Excellent
3139,Very good
6988,Very good
6659,Very good
2705,Bad
5329,Good
3014,Very good
8505,Very good
3945,Very good
1392,Excellent
9668,Excellent
9749,Very good
6713,Very bad
1609,Good
4731,Good
1918,Bad
2817,Very good
6460,Excellent
5704,Excellent
7798,Good
8628,Very good
8429,Very bad
6559,Very good
3136,Excellent
7225,Excellent
182,Very good
8707,Excellent
492,Very good
575,Very good
4119,Very bad
9892,Good
5316,Very good
2178,Bad
462,Excellent
2501,Excellent
2126,Excellent
9675,Bad
8271,Good
9904,Very good
340,Good
1800,Excellent
6811,Very good
3539,Bad
1710,Good
3575,Good
4607,Good
8927,Very good
1693,Excellent
8407,Very good
9569,Bad
8704,Very good
4191,Very good
5001,Very good
3616,Very good
5732,Very good
2861,Very good
151,Very good
5220,Excellent
5350,Good
3688,Excellent
6989,Good
8232,Good
3257,Excellent
2713,Excellent
6034,Excellent
2216,Excellent
2459,Good
2650,Excellent
1549,Very good
9414,Good
7445,Good
1383,Good
3506,Very good
2029,Bad
2855,Very good
2918,Very good
732,Very good
5870,Bad
1951,Very good
4627,Good
5007,Excellent
1502,Excellent
6205,Excellent
2863,Excellent
3977,Excellent
7773,Excellent
5425,Very good
9453,Very good
4278,Very bad
2629,Good
5641,Excellent
7846,Excellent
3210,Very bad
7182,Very good
7960,Very bad
6742,Very good
4376,Very bad
3747,Excellent
4737,Excellent
4069,Very good
1124,Very good
9817,Bad
5443,Very bad
7813,Very good
125,Good
5866,Excellent
8862,Very good
52,Very good
5763,Very good
8519,Good
8752,Excellent
69,Excellent
455,Good
5739,Good
844,Very bad
5313,Bad
6025,Very bad
1277,Very good
9528,Very good
5604,Excellent
535,Very good
2933,Excellent
8792,Good
1322,Good
2530,Excellent
1133,Very good
7163,Good
9163,Excellent
8338,Very good
1068,Very good
7298,Excellent
2941,Very good
4597,Very good
3535,Very good
5364,Excellent
8793,Good
1556,Very good
9855,Very good
4064,Excellent
5206,Excellent
2376,Very good
9487,Bad
8350,Very good
3975,Bad
6708,Excellent
3248,Very good
2150,Excellent
7582,Good
7784,Very good
3806,Very good
5594,Excellent
1940,Bad
3994,Very good
9923,Excellent
4492,Very good
8920,Very good
9952,Very bad
531,Very good
927,Excellent
8616,Excellent
9076,Good
2807,Good
6650,Very good
566,Very good
4255,Very good
5666,Excellent
2431,Excellent
235,Bad
6447,Excellent
719,Very good
3466,Very good
6325,Excellent
7834,Excellent
3666,Very good
2842,Very good
8684,Excellent
5188,Good
5858,Excellent
6073,Excellent
7315,Excellent
3034,Good
6472,Good
8593,Very good
4343,Excellent
6818,Very good
6492,Good
3882,Very good
628,Excellent
2223,Excellent
6922,Excellent
6241,Good
9530,Very good
7994,Excellent
7250,Bad
6250,Excellent
9547,Very good
5902,Good
2768,Very good
1127,Good
9139,Bad
6796,Very good
903,Excellent
3343,Good
989,Excellent
1172,Very good
6355,Very bad
4175,Very good
3208,Very good
4005,Very good
238,Excellent
3820,Very good
4354,Very good
7379,Good
1853,Very good
4407,Bad
1591,Excellent
6371,Very bad
9783,Very good
9415,Very bad
5193,Good
4983,Excellent
5493,Excellent
2353,Excellent
9432,Excellent
400,Very good
6353,Excellent
277,Very good
6380,Good
1132,Bad
6002,Excellent
3796,Excellent
9237,Excellent
9753,Excellent
9212,Very good
7510,Excellent
6041,Bad
4162,Good
8474,Very good
8168,Excellent
6429,Very good
1261,Excellent
2576,Very good
2191,Good
1720,Excellent
3134,Excellent
4818,Excellent
3241,Excellent
8363,Very good
6608,Very good
2511,Excellent
1942,Excellent
5667,Good
367,Very good
7986,Excellent
2575,Very bad
1242,Excellent
3508,Good
4988,Excellent
4960,Good
1543,Excellent
1074,Very good
9906,Very good
195,Excellent
3006,Good
3865,Excellent
2110,Very good
8275,Good
6350,Excellent
2181,Excellent
5572,Very good
3124,Excellent
3407,Very good
4365,Good
6202,Excellent
2830,Very good
92,Very good
1774,Excellent
3864,Good
3898,Excellent
9095,Good
8645,Excellent
2370,Good
468,Very bad
5660,Excellent
5149,Excellent
5547,Very good
6609,Excellent
9256,Excellent
2059,Good
7235,Very good
3197,Good
7989,Good
9986,Good
5197,Very bad
5584,Excellent
1773,Very good
4268,Very good
9967,Bad
6992,Very good
5973,Very good
5829,Good
7918,Very good
3659,Excellent
7521,Bad
4599,Excellent
7680,Very good
4314,Good
6661,Excellent
9786,Very good
2406,Excellent
6139,Good
904,Very good
41,Very good
502,Excellent
6403,Excellent
3664,Very good
2858,Excellent
6865,Very bad
2929,Good
4414,Very good
407,Very bad
6995,Very good
4665,Excellent
4264,Excellent
4742,Very bad
5156,Excellent
9736,Good
9271,Very good
9347,Excellent
9031,Bad
2637,Excellent
5397,Excellent
8903,Very good
8304,Excellent
2767,Very bad
1238,Very good
670,Excellent
3427,Good
9856,Very good
7147,Excellent
1648,Very good
8370,Excellent
7555,Good
8013,Very good
8812,Excellent
3833,Very good
9554,Excellent
7061,Excellent
3498,Excellent
4177,Excellent
6663,Very good
5497,Very good
6023,Excellent
1255,Very good
4655,Good
1429,Very good
4186,Very good
3402,Excellent
4018,Very good
9227,Very good
7645,Excellent
8475,Good
931,Very good
4739,Good
2839,Excellent
6561,Very good
6051,Very bad
916,Excellent
4600,Bad
2338,Very good
5095,Very good
9400,Very bad
9469,Excellent
1157,Excellent
8265,Excellent
2157,Excellent
7268,Good
4364,Excellent
5226,Excellent
4608,Very good
6635,Excellent
9750,Excellent
5585,Good
9015,Excellent
6042,Excellent
7778,Very good
6942,Excellent
1405,Very bad
4827,Excellent
6597,Very good
8525,Very good
8703,Bad
9007,Very good
9995,Bad
4311,Very good
3211,Excellent
3112,Excellent
5326,Very good
9901,Excellent
3436,Good
2108,Very good
5251,Very good
3390,Very good
3001,Excellent
4884,Very good
7525,Very good
1541,Excellent
5924,Good
8459,Excellent
6397,Excellent
5908,Excellent
3443,Very good
8693,Excellent
1187,Very good
3830,Excellent
2978,Bad
587,Good
5222,Bad
3686,Very bad
9535,Very good
1075,Very bad
4127,Bad
2280,Very bad
7084,Excellent
466,Excellent
9456,Excellent
9060,Excellent
8805,Excellent
2326,Excellent
9284,Excellent
2266,Excellent
4404,Good
4839,Very bad
1128,Bad
1554,Very good
1719,Good
2315,Excellent
8878,Excellent
4529,Excellent
1469,Bad
5182,Excellent
478,Excellent
744,Very good
2443,Excellent
8273,Very good
3713,Good
6043,Very good
2621,Very good
9841,Excellent
6442,Very good
935,Very good
4514,Good
8412,Excellent
3329,Very good
7499,Very good
5534,Excellent
8569,Very bad
4991,Good
3174,Good
2815,Very good
702,Very good
9732,Very good
1321,Excellent
7634,Excellent
3930,Excellent
2492,Excellent
7611,Excellent
2397,Excellent
3609,Good
7040,Excellent
6711,Very good
439,Bad
4356,Very good
2482,Excellent
7317,Excellent
9053,Excellent
6456,Excellent
1442,Bad
3036,Excellent
5833,Bad
2310,Excellent
5849,Very good
5342,Excellent
9532,Bad
7271,Excellent
7297,Very good
3346,Bad
4700,Good
8069,Good
1562,Very good
945,Very good
1342,Excellent
440,Excellent
852,Bad
8683,Very good
3650,Bad
7450,Very bad
1184,Good
2166,Very good
2953,Very good
9326,Very good
3011,Very good
3599,Very good
7696,Excellent
5308,Good
862,Good
538,Excellent
2756,Very good
4239,Very good
6577,Very good
8797,Very good
9421,Very bad
2806,Very good
5884,Very bad
5344,Very good
4882,Very good
3392,Very bad
9165,Excellent
7430,Very good
539,Excellent
5708,Good
3342,Very good
8337,Bad
8219,Very good
6172,Good
6102,Excellent
1632,Very good
9054,Excellent
6839,Very bad
717,Excellent
6141,Very good
9914,Excellent
3807,Excellent
1525,Very good
1402,Very good
2221,Very good
8976,Excellent
6218,Very good
6033,Good
5558,Bad
4810,Excellent
9239,Excellent
3426,Very bad
9428,Bad
6723,Excellent
5012,Good
2552,Very good
3723,Very bad
896,Good
6497,Excellent
4367,Excellent
4032,Excellent
8081,Very bad
5615,Very good
8836,Good
1617,Very good
1267,Very good
5011,Very bad
8736,Very good
9802,Very good
8780,Very bad
4540,Very good
5268,Very good
5404,Excellent
4447,Bad
2931,Excellent
8983,Very good
6192,Very good
255,Excellent
3472,Good
6575,Good
747,Excellent
7205,Very good
3446,Very good
2813,Good
1263,Very good
6261,Excellent
6712,Very bad
1229,Excellent
380,Very bad
1639,Very good
9929,Good
170,Bad
1646,Very good
1480,Excellent
7116,Bad
7678,Very good
81,Very good
330,Bad
7381,Bad
1587,Very good
6974,Very good
8257,Very good
583,Very good
2279,Excellent
4547,Bad
2553,Good
8146,Excellent
7631,Excellent
6118,Good
8410,Very good
8534,Excellent
1647,Excellent
7131,Excellent
8819,Excellent
3544,Very good
7761,Excellent
9894,Excellent
3410,Very good
9717,Very good
9965,Very good
9061,Very good
7322,Excellent
677,Excellent
358,Very good
6173,Excellent
5602,Bad
5828,Good
7454,Good
6243,Excellent
6938,Very bad
2899,Excellent
584,Very good
8499,Excellent
6071,Excellent
7246,Very good
2099,Excellent
2086,Excellent
2314,Very good
9044,Excellent
740,Excellent
9006,Bad
9200,Very good
3954,Very good
7085,Very bad
9322,Good
36,Excellent
1851,Very good
5570,Excellent
2055,Excellent
1652,Very good
6327,Very good
9164,Excellent
1701,Excellent
8155,Very good
2857,Excellent
2371,Excellent
2128,Bad
8671,Excellent
5679,Very good
2464,Very good
8612,Excellent
7289,Very good
5391,Bad
4541,Excellent
2731,Very bad
276,Excellent
8397,Bad
173,Very good
4261,Good
6780,Excellent
6303,Very good
1293,Good
97,Excellent
5315,Excellent
6733,Very good
5276,Very good
6330,Bad
429,Very bad
8139,Excellent
9355,Bad
7931,Good
2134,Bad
1063,Good
2525,Very good
8665,Excellent
9028,Good
972,Bad
4770,Excellent
7882,Excellent
1686,Very good
9396,Excellent
1689,Good
805,Very bad
9864,Excellent
2723,Excellent
1412,Very good
1387,Very good
8841,Bad
4979,Bad
7859,Excellent
6111,Very good
4696,Excellent
3965,Very good
2882,Excellent
4760,Excellent
5616,Good
2140,Good
2300,Very good
6317,Very good
296,Excellent
6534,Very good
9845,Good
4412,Very good
4192,Very good
7376,Very good
4246,Good
2528,Good
2490,Excellent
2862,Very good
1324,Very good
328,Good
3358,Excellent
9386,Excellent
9155,Very good
7441,Very good
576,Excellent
9399,Good
4625,Good
7102,Very good
5927,Excellent
8457,Bad
7571,Excellent
2800,Excellent
261,Good
2943,Very good
2222,Excellent
2781,Very good
1461,Very good
2907,Very good
9467,Good
6481,Excellent
8954,Excellent
5871,Excellent
6889,Very good
761,Excellent
215,Very good
506,Very good
3445,Very bad
5190,Excellent
4841,Excellent
9050,Excellent
5729,Excellent
7159,Excellent
7245,Excellent
5472,Very good
5775,Excellent
9384,Good
8602,Very good
637,Very good
6931,Very good
1169,Excellent
6749,Excellent
2945,Bad
5205,Very good
1296,Excellent
1140,Very good
9993,Very good
6666,Excellent
9557,Very good
7178,Very good
5802,Good
3829,Good
519,Very good
8588,Excellent
3356,Excellent
7809,Very good
5271,Very good
1067,Good
4355,Very good
2018,Very good
1258,Excellent
2689,Good
7515,Very good
5436,Bad
9511,Very good
2656,Bad
3894,Excellent
82,Excellent
3042,Excellent
6444,Very good
239,Very bad
6125,Excellent
751,Excellent
5873,Very good
8739,Very good
925,Very good
7240,Excellent
7428,Good
9055,Very good
4980,Very bad
4083,Excellent
3049,Very good
7999,Excellent
7708,Excellent
8746,Excellent
8682,Excellent
6773,Good
2073,Good
8039,Very good
3793,Excellent
7827,Very bad
5046,Very good
3441,Good
9083,Excellent
3606,Very good
2694,Very good
2317,Bad
8772,Excellent
5170,Very bad
4963,Excellent
4319,Excellent
9033,Excellent
2172,Excellent
7028,Excellent
3840,Very good
7203,Good
1117,Excellent
174,Good
4378,Good
9100,Very good
4288,Very good
6851,Good
7362,Excellent
4256,Very good
4956,Excellent
8722,Very good
2357,Bad
2729,Excellent
5764,Very good
7512,Excellent
9306,Excellent
2292,Excellent
5835,Excellent
4844,Good
6436,Good
6800,Excellent
6622,Good
5914,Excellent
6525,Bad
5351,Excellent
9129,Excellent
7666,Excellent
3376,Excellent
9216,Excellent
4951,Excellent
8239,Very good
1155,Good
5714,Very bad
6405,Very good
7234,Good
5520,Excellent
3151,Very good
1566,Very good
8178,Excellent
3685,Bad
7041,Excellent
7075,Very good
1019,Excellent
2605,Excellent
9241,Excellent
6085,Very good
8378,Very good
5414,Very bad
1726,Good
7567,Very good
8334,Bad
6763,Excellent
2925,Very good
2154,Very bad
324,Very good
6289,Good
4836,Bad
1544,Bad
6061,Very good
3725,Excellent
5473,Excellent
244,Excellent
2143,Excellent
3958,Excellent
1846,Bad
2919,Very good
6795,Excellent
9600,Excellent
5618,Very good
2036,Good
9207,Excellent
1665,Very good
2796,Excellent
220,Excellent
6805,Excellent
2835,Excellent
5960,Very bad
5892,Excellent
1907,Very bad
8349,Very good
8533,Very good
3612,Very good
2066,Very good
8784,Excellent
7850,Bad
3873,Bad
1666,Very bad
9678,Very good
1003,Excellent
4276,Very good
6960,Very good
4085,Bad
9761,Bad
7858,Very good
4959,Excellent
7695,Good
237,Very bad
2020,Very good
8835,Very good
7637,Excellent
7183,Excellent
7721,Very good
6874,Very good
411,Excellent
2120,Good
6620,Very good
4588,Excellent
4088,Excellent
3447,Very bad
5412,Good
8085,Very good
1071,Excellent
559,Very bad
2159,Excellent
890,Good
1093,Bad
5049,Good
3584,Excellent
4282,Very good
7468,Excellent
8030,Excellent
5896,Very bad
6404,Bad
8547,Good
7496,Good
2874,Excellent
5150,Excellent
7094,Excellent
7857,Very good
5368,Excellent
7841,Very bad
4232,Very good
414,Bad
1362,Very good
2079,Good
6087,Excellent
5532,Excellent
7375,Excellent
8300,Excellent
6972,Excellent
2827,Very good
448,Excellent
7732,Very good
2389,Bad
7144,Excellent
6003,Bad
1534,Excellent
7673,Good
2900,Excellent
8769,Very good
3842,Good
8630,Bad
1357,Bad
7547,Excellent
8753,Good
6457,Very good
342,Very bad
4468,Very good
6689,Good
7767,Very bad
1845,Bad
7797,Very good
8887,Excellent
8990,Good
9909,Very good
8894,Very good
2687,Excellent
8144,Bad
5542,Very good
1669,Very good
8579,Very good
569,Excellent
8608,Very good
3579,Excellent
8811,Bad
5692,Excellent
1946,Very good
83,Very good
8585,Excellent
2708,Excellent
1406,Good
553,Excellent
6450,Excellent
2232,Good
2202,Excellent
8374,Excellent
3818,Excellent
6627,Excellent
6562,Excellent
743,Very good
7051,Excellent
9317,Excellent
9959,Excellent
9184,Very bad
9760,Excellent
3018,Very good
8482,Very good
1634,Excellent
2608,Very good
1150,Excellent
3161,Good
7272,Excellent
10,Excellent
5026,Excellent
2363,Excellent
7012,Good
8947,Good
4200,Good
2617,Good
3594,Excellent
611,Good
390,Excellent
308,Very bad
3264,Very good
5047,Very good
5243,Excellent
4463,Very bad
2816,Good
1466,Excellent
4746,Bad
1060,Excellent
5796,Excellent
4155,Very bad
1504,Excellent
7098,Very good
2186,Very good
7424,Excellent
4478,Very good
8088,Excellent
3029,Excellent
204,Good
3992,Excellent
7319,Very good
7762,Very good
6168,Excellent
3855,Excellent
4190,Excellent
3301,Very bad
567,Excellent
7324,Excellent
8606,Excellent
7001,Good
300,Bad
3721,Good
8691,Excellent
6017,Very bad
8227,Excellent
4405,Very good
7125,Very good
2601,Good
7922,Very good
5522,Excellent
161,Very good
6501,Very good
3552,Very bad
5617,Excellent
7226,Excellent
5517,Good
8966,Good
2799,Very good
4495,Excellent
5869,Very good
1283,Good
8790,Excellent
9662,Excellent
9211,Very bad
5832,Very good
2572,Excellent
7257,Very good
8113,Excellent
8655,Excellent
2980,Excellent
9731,Good
1300,Excellent
9019,Very good
7305,Very bad
1998,Very good
7194,Good
9078,Very good
9671,Very good
5008,Good
6697,Bad
8627,Very good
7600,Very bad
1339,Very good
9865,Bad
8557,Very good
8042,Good
562,Excellent
2885,Good
6054,Very good
7572,Very good
4641,Excellent
3922,Excellent
7597,Excellent
8868,Excellent
3921,Excellent
4940,Excellent
4096,Very bad
1675,Very good
1725,Very good
8035,Good
9950,Very good
4482,Very good
8825,Very good
4762,Very good
4824,Excellent
1620,Good
1411,Very good
1196,Excellent
5454,Very bad
640,Very good
392,Very good
8495,Good
8029,Good
9707,Very good
734,Very good
6612,Very good
4464,Good
4233,Bad
7174,Excellent
8890,Excellent
2944,Very good
6781,Excellent
4704,Very good
9101,Very bad
815,Excellent
4060,Bad
9172,Excellent
376,Very good
8235,Very bad
644,Very good
2947,Very bad
67,Very good
1539,Good
6097,Excellent
9949,Excellent
5077,Very good
1713,Good
6701,Excellent
7168,Very bad
2722,Very bad
5109,Very good
6537,Excellent
6079,Very good
4051,Very good
2027,Very good
9295,Very good
4250,Excellent
9514,Very good
680,Very good
5453,Bad
8245,Good
6636,Very good
6737,Very good
760,Good
6919,Excellent
355,Excellent
5250,Very bad
1427,Very good
95,Excellent
5741,Good
3573,Very bad
7988,Very good
982,Excellent
5672,Very good
9964,Good
8803,Very good
3395,Very good
3822,Excellent
3780,Excellent
2429,Very good
2354,Good
9444,Excellent
2587,Very good
3249,Very bad
6349,Very good
4059,Good
2631,Good
8346,Good
1178,Very good
3333,Very good
7870,Good
5523,Excellent
2098,Very good
9208,Excellent
192,Bad
9084,Excellent
669,Good
2093,Very good
1733,Excellent
5610,Excellent
6464,Very good
4284,Very good
7646,Excellent
6452,Excellent
8277,Bad
1735,Very bad
8695,Very good
2436,Good
9292,Very good
2374,Excellent
8742,Excellent
6646,Good
2244,Very good
9430,Excellent
5040,Very bad
701,Very good
2564,Very bad
4792,Good
6971,Excellent
2928,Very good
9195,Bad
4106,Excellent
5574,Excellent
679,Excellent
9953,Very good
2744,Bad
9603,Very good
9698,Good
1409,Very good
3388,Very good
1999,Very good
6847,Very bad
6576,Good
1269,Bad
4008,Excellent
3190,Very bad
6121,Very good
5382,Good
7302,Very good
6135,Very good
1032,Excellent
7785,Very bad
2183,Excellent
832,Excellent
5516,Good
5440,Good
1349,Very good
766,Very good
5706,Very good
700,Very bad
4975,Excellent
4124,Excellent
998,Excellent
4530,Excellent
8794,Very good
5718,Very bad
3485,Very good
4663,Excellent
164,Very good
5032,Very good
6196,Bad
153,Excellent
6385,Excellent
803,Excellent
5880,Excellent
7410,Good
2548,Bad
1944,Excellent
8478,Excellent
6893,Very good
874,Excellent
8964,Very good
9057,Excellent
9223,Very good
9360,Bad
8150,Very good
8189,Very good
7435,Very good
1784,Very good
5065,Good
3757,Excellent
9210,Very good
8143,Good
5034,Good
6718,Very good
833,Excellent
147,Good
6879,Very good
8770,Very good
303,Excellent
5726,Excellent
3340,Very good
8163,Very good
1419,Very good
9990,Very good
8574,Bad
7550,Excellent
3464,Excellent
2710,Very good
1018,Excellent
7603,Good
2961,Excellent
5066,Good
9464,Excellent
2671,Excellent
9016,Excellent
4007,Very good
4866,Bad
6234,Excellent
3366,Excellent
616,Good
6067,Very good
6013,Excellent
5020,Good
2811,Excellent
216,Very good
46,Excellent
4763,Very good
1559,Excellent
9434,Very good
643,Excellent
825,Excellent
1509,Good
9156,Very good
4735,Excellent
4181,Very bad
3187,Very good
6304,Good
5725,Very good
419,Excellent
1801,Very good
5746,Very good
9900,Very good
5824,Bad
4379,Very good
1550,Excellent
8552,Excellent
4542,Excellent
8203,Very bad
6,Excellent
3772,Very good
9378,Very good
3589,Very good
5366,Very bad
1488,Very good
6376,Good
3733,Excellent
9186,Excellent
1260,Excellent
6540,Very good
9801,Excellent
1506,Good
2603,Excellent
6631,Very good
4110,Excellent
3751,Very good
2014,Excellent
4024,Excellent
4251,Bad
9738,Very good
4615,Excellent
9897,Excellent
7898,Very good
5717,Very good
2146,Very good
1454,Excellent
1959,Very good
2570,Very good
6162,Excellent
8661,Very good
5147,Very good
3341,Very good
8711,Excellent
6045,Good
1389,Excellent
2124,Excellent
9153,Excellent
6401,Very good
7806,Very good
7602,Very good
7334,Excellent
7122,Very good
926,Very good
4102,Very good
541,Excellent
8320,Good
1379,Excellent
2717,Good
8755,Good
9604,Excellent
6136,Very good
6813,Very good
4848,Excellent
2071,Excellent
7517,Bad
9096,Excellent
5521,Very good
8385,Excellent
6528,Very bad
1375,Bad
7616,Very bad
7199,Excellent
8294,Very good
5540,Excellent
5466,Excellent
5015,Very good
8807,Very good
8600,Very good
5754,Excellent
5510,Very good
574,Very good
928,Very bad
2016,Excellent
6165,Very good
4290,Very good
5365,Excellent
4654,Excellent
3131,Very good
3077,Excellent
9029,Very bad
5716,Bad
9004,Excellent
2439,Excellent
8694,Very good
6367,Very good
2599,Bad
4420,Bad
3008,Good
1438,Excellent
5225,Very bad
1113,Excellent
7993,Very good
366,Excellent
3160,Very good
836,Excellent
3147,Very good
686,Bad
4353,Good
1004,Very good
6706,Very good
7331,Bad
8084,Very good
8289,Very bad
4546,Excellent
2734,Bad
5304,Excellent
3098,Good
1146,Very bad
8136,Excellent
8509,Very good
3917,Very good
7316,Excellent
8896,Very good
3778,Excellent
2524,Excellent
2619,Good
9620,Very good
3512,Very bad
4910,Very good
7130,Good
4578,Good
3610,Very good
6532,Excellent
6778,Excellent
7656,Excellent
7668,Excellent
481,Excellent
6682,Excellent
8968,Very good
2009,Bad
7201,Good
5103,Excellent
24,Excellent
7759,Very good
282,Good
8900,Very good
3353,Excellent
7754,Very good
7474,Very good
8504,Good
4757,Excellent
2341,Very good
6431,Very good
4003,Very good
9366,Very good
2426,Excellent
3626,Very good
7495,Good
6029,Excellent
7336,Excellent
9334,Excellent
6531,Excellent
7251,Very good
8317,Good
9863,Bad
2860,Excellent
4854,Very good
8453,Bad
8786,Very good
8292,Very good
7917,Bad
1798,Excellent
9849,Very good
3561,Excellent
6809,Excellent
1769,Excellent
2752,Excellent
6726,Very good
7570,Excellent
3284,Very good
9664,Good
8583,Excellent
5031,Very bad
3605,Very good
2640,Excellent
1039,Excellent
346,Good
184,Excellent
3051,Bad
985,Excellent
4293,Excellent
7413,Good
2286,Very good
885,Excellent
7852,Bad
9479,Excellent
4471,Very good
386,Excellent
7037,Very bad
9375,Excellent
284,Excellent
3122,Excellent
7053,Excellent
2794,Good
7047,Excellent
979,Very bad
8044,Very good
1811,Excellent
4778,Very good
9694,Very good
9148,Very good
3960,Excellent
7687,Excellent
6137,Bad
550,Very good
9191,Very good
2486,Very bad
7699,Excellent
4394,Very good
9692,Excellent
1707,Very good
9706,Very good
917,Excellent
949,Excellent
9533,Very good
5783,Very good
8624,Good
5736,Excellent
6693,Excellent
110,Excellent
6022,Very good
3429,Very good
21,Bad
1175,Very bad
1026,Excellent
7544,Excellent
1347,Excellent
7772,Excellent
3234,Very good
7818,Very good
7713,Excellent
2940,Very good
1354,Excellent
5652,Excellent
773,Very bad
8442,Bad
471,Excellent
7963,Very good
2554,Good
2483,Excellent
2287,Excellent
5118,Excellent
2615,Very bad
6524,Very good
1705,Very bad
7293,Very good
629,Very good
91,Excellent
2021,Very good
7626,Very good
5867,Very good
2041,Excellent
9314,Good
2375,Bad
7883,Excellent
6715,Excellent
3259,Very good
2748,Excellent
9250,Excellent
424,Very good
7218,Excellent
3453,Very good
3501,Very good
6533,Very bad
3768,Very good
6864,Very good
5175,Very bad
923,Very good
7126,Excellent
1863,Very good
4115,Excellent
568,Very good
3482,Very bad
1487,Good
2573,Very good
4299,Very good
3304,Good
3745,Good
983,Very bad
1763,Excellent
6448,Excellent
6616,Good
317,Very good
1268,Very good
9566,Excellent
268,Very good
8732,Excellent
4345,Good
3596,Excellent
30,Very good
1716,Excellent
5859,Very good
2047,Excellent
6273,Very good
3614,Excellent
1197,Very good
4638,Excellent
487,Excellent
2706,Very good
2416,Good
5331,Good
2881,Excellent
6934,Excellent
8857,Very good
8090,Bad
3890,Excellent
2838,Excellent
7972,Bad
2049,Excellent
6937,Excellent
9641,Very good
1341,Very good
4837,Bad
8435,Very good
6255,Good
2452,Very good
6969,Very good
5016,Very good
5638,Excellent
9605,Excellent
5894,Excellent
3349,Excellent
4650,Excellent
4472,Excellent
3783,Bad
319,Good
5427,Very bad
108,Excellent
3530,Very bad
418,Bad
8510,Bad
5057,Very good
1177,Very good
3557,Excellent
6298,Excellent
4402,Excellent
1445,Excellent
7340,Very bad
2518,Excellent
347,Excellent
3875,Excellent
2489,Excellent
9371,Very bad
9245,Good
5919,Excellent
7731,Good
5781,Very good
6167,Excellent
7769,Very good
4919,Good
7868,Very good
3281,Bad
7981,Very good
5548,Good
4245,Good
5202,Excellent
9578,Very good
1862,Good
8659,Excellent
2282,Excellent
6523,Very good
2512,Excellent
7109,Very bad
4316,Excellent
2801,Excellent
4129,Excellent
6050,Excellent
7023,Very good
3476,Very good
5600,Good
5500,Excellent
1316,Excellent
932,Very good
7389,Excellent
5194,Very good
8112,Very good
3172,Very good
8224,Very good
8677,Excellent
2499,Excellent
6771,Very good
9229,Very good
4280,Excellent
6249,Excellent
6441,Very bad
664,Excellent
2743,Excellent
5415,Very good
5765,Very good
8516,Good
1789,Very good
2163,Very good
6016,Excellent
1403,Very good
3753,Good
7719,Excellent
3255,Very good
6439,Very bad
3295,Very good
8565,Very good
6791,Bad
681,Very good
6588,Good
6415,Excellent
4381,Excellent
822,Excellent
5680,Very good
3357,Very bad
8449,Very good
4370,Excellent
752,Excellent
9737,Very good
7498,Very good
5396,Excellent
6454,Very good
9798,Good
1042,Excellent
473,Very good
1377,Excellent
8518,Good
7481,Very good
9970,Excellent
5790,Very good
3785,Very good
2301,Excellent
4329,Very good
9699,Excellent
6994,Very good
5238,Excellent
6876,Very good
2435,Excellent
2878,Good
410,Very good
8018,Very good
1737,Very good
5668,Excellent
8884,Very bad
9280,Excellent
6038,Very good
7342,Very good
3941,Excellent
7222,Excellent
1239,Excellent
9852,Very good
9735,Very good
603,Very good
599,Very good
5223,Very good
8652,Excellent
5979,Very good
9162,Very good
999,Very good
3409,Very good
9348,Very good
7229,Very good
9302,Good
2667,Very good
5528,Bad
9572,Excellent
7477,Very good
2914,Excellent
5882,Excellent
6932,Excellent
3663,Very good
1917,Very good
7107,Good
2421,Very good
7992,Very good
1284,Very good
7982,Excellent
6617,Bad
4113,Excellent
4137,Excellent
4601,Good
7828,Excellent
7325,Excellent
438,Very good
5941,Excellent
9683,Very good
7519,Very good
314,Good
4819,Very good
1730,Excellent
496,Very good
4859,Excellent
8357,Very good
8100,Very bad
9679,Excellent
7959,Very good
639,Excellent
4676,Excellent
8876,Very good
2456,Excellent
8147,Very good
1291,Very bad
9260,Excellent
6758,Very good
4570,Excellent
9491,Bad
9108,Excellent
2320,Good
9092,Good
9160,Very bad
5561,Excellent
8965,Very bad
1192,Excellent
6802,Excellent
5151,Very good
7822,Very good
122,Excellent
2505,Bad
6062,Excellent
354,Excellent
3507,Excellent
8319,Excellent
9020,Very good
6275,Excellent
4169,Very good
5341,Very good
8321,Excellent
9226,Very good
868,Excellent
3797,Excellent
7433,Excellent
8923,Excellent
1179,Excellent
6770,Good
1256,Very good
6469,Excellent
941,Very good
5845,Excellent
721,Very good
1476,Good
8282,Excellent
1439,Excellent
1290,Very good
7123,Very good
9632,Very good
5330,Very good
9758,Very good
8781,Bad
5491,Very bad
7170,Very bad
8840,Bad
8799,Bad
914,Very good
7744,Very good
7712,Very good
8494,Very good
8953,Very good
373,Bad
4821,Good
9457,Good
3730,Very good
112,Very good
4877,Very good
4108,Very good
8741,Bad
8104,Excellent
1152,Bad
646,Excellent
5533,Good
5495,Very bad
9385,Excellent
3976,Excellent
6174,Excellent
2460,Very bad
4939,Very good
9744,Excellent
693,Very good
4557,Excellent
8853,Bad
565,Very bad
957,Excellent
292,Good
1374,Excellent
9800,Bad
9059,Very bad
5457,Good
181,Good
3656,Excellent
8532,Very good
6106,Bad
7356,Good
8824,Very bad
3835,Excellent
1396,Bad
245,Excellent
2369,Excellent
3467,Very good
1013,Excellent
4027,Very good
1734,Very good
8140,Very good
6259,Excellent
7895,Excellent
4636,Very good
9880,Excellent
4833,Good
770,Good
7607,Good
5064,Excellent
5052,Excellent
7906,Excellent
9756,Very good
